116.201803,39.754838,116.201699,39.763847,116.213373,39.763927,116.213475,39.754918
116.213475,39.754918,116.213373,39.763927,116.225047,39.764005,116.225148,39.754996
116.225148,39.754996,116.225047,39.764005,116.236721,39.764083,116.236820,39.755073
116.236820,39.755073,116.236721,39.764083,116.248395,39.764159,116.248493,39.755150
116.248493,39.755150,116.248395,39.764159,116.260069,39.764234,116.260165,39.755225
116.260165,39.755225,116.260069,39.764234,116.271743,39.764308,116.271838,39.755298
116.271838,39.755298,116.271743,39.764308,116.283417,39.764381,116.283511,39.755371
116.283511,39.755371,116.283417,39.764381,116.295091,39.764452,116.295183,39.755443
116.295183,39.755443,116.295091,39.764452,116.306766,39.764522,116.306856,39.755513
116.306856,39.755513,116.306766,39.764522,116.318440,39.764592,116.318529,39.755582
116.318529,39.755582,116.318440,39.764592,116.330114,39.764659,116.330202,39.755650
116.330202,39.755650,116.330114,39.764659,116.341789,39.764726,116.341874,39.755717
116.341874,39.755717,116.341789,39.764726,116.353463,39.764792,116.353547,39.755782
116.353547,39.755782,116.353463,39.764792,116.365138,39.764856,116.365220,39.755847
116.365220,39.755847,116.365138,39.764856,116.376812,39.764920,116.376893,39.755910
116.376893,39.755910,116.376812,39.764920,116.388487,39.764982,116.388566,39.755972
116.388566,39.755972,116.388487,39.764982,116.400161,39.765043,116.400239,39.756033
116.400239,39.756033,116.400161,39.765043,116.411836,39.765102,116.411912,39.756093
116.411912,39.756093,116.411836,39.765102,116.423510,39.765161,116.423585,39.756151
116.423585,39.756151,116.423510,39.765161,116.435185,39.765218,116.435259,39.756209
116.435259,39.756209,116.435185,39.765218,116.446860,39.765275,116.446932,39.756265
116.446932,39.756265,116.446860,39.765275,116.458534,39.765330,116.458605,39.756320
116.458605,39.756320,116.458534,39.765330,116.470209,39.765383,116.470278,39.756374
116.470278,39.756374,116.470209,39.765383,116.481884,39.765436,116.481951,39.756426
116.481951,39.756426,116.481884,39.765436,116.493559,39.765488,116.493625,39.756478
116.493625,39.756478,116.493559,39.765488,116.505234,39.765538,116.505298,39.756528
116.505298,39.756528,116.505234,39.765538,116.516908,39.765587,116.516971,39.756577
116.516971,39.756577,116.516908,39.765587,116.528583,39.765635,116.528645,39.756625
116.528645,39.756625,116.528583,39.765635,116.540258,39.765682,116.540318,39.756672
116.540318,39.756672,116.540258,39.765682,116.551933,39.765728,116.551992,39.756718
116.201699,39.763847,116.201595,39.772857,116.213270,39.772936,116.213373,39.763927
116.213373,39.763927,116.213270,39.772936,116.224946,39.773015,116.225047,39.764005
116.225047,39.764005,116.224946,39.773015,116.236621,39.773092,116.236721,39.764083
116.236721,39.764083,116.236621,39.773092,116.248297,39.773168,116.248395,39.764159
116.248395,39.764159,116.248297,39.773168,116.259973,39.773243,116.260069,39.764234
116.260069,39.764234,116.259973,39.773243,116.271648,39.773317,116.271743,39.764308
116.271743,39.764308,116.271648,39.773317,116.283324,39.773390,116.283417,39.764381
116.283417,39.764381,116.283324,39.773390,116.295000,39.773462,116.295091,39.764452
116.295091,39.764452,116.295000,39.773462,116.306675,39.773532,116.306766,39.764522
116.306766,39.764522,116.306675,39.773532,116.318351,39.773601,116.318440,39.764592
116.318440,39.764592,116.318351,39.773601,116.330027,39.773669,116.330114,39.764659
116.330114,39.764659,116.330027,39.773669,116.341703,39.773736,116.341789,39.764726
116.341789,39.764726,116.341703,39.773736,116.353379,39.773801,116.353463,39.764792
116.353463,39.764792,116.353379,39.773801,116.365055,39.773866,116.365138,39.764856
116.365138,39.764856,116.365055,39.773866,116.376731,39.773929,116.376812,39.764920
116.376812,39.764920,116.376731,39.773929,116.388407,39.773991,116.388487,39.764982
116.388487,39.764982,116.388407,39.773991,116.400083,39.774052,116.400161,39.765043
116.400161,39.765043,116.400083,39.774052,116.411759,39.774112,116.411836,39.765102
116.411836,39.765102,116.411759,39.774112,116.423435,39.774171,116.423510,39.765161
116.423510,39.765161,116.423435,39.774171,116.435111,39.774228,116.435185,39.765218
116.435185,39.765218,116.435111,39.774228,116.446788,39.774284,116.446860,39.765275
116.446860,39.765275,116.446788,39.774284,116.458464,39.774339,116.458534,39.765330
116.458534,39.765330,116.458464,39.774339,116.470140,39.774393,116.470209,39.765383
116.470209,39.765383,116.470140,39.774393,116.481816,39.774446,116.481884,39.765436
116.481884,39.765436,116.481816,39.774446,116.493493,39.774498,116.493559,39.765488
116.493559,39.765488,116.493493,39.774498,116.505169,39.774548,116.505234,39.765538
116.505234,39.765538,116.505169,39.774548,116.516845,39.774597,116.516908,39.765587
116.516908,39.765587,116.516845,39.774597,116.528522,39.774645,116.528583,39.765635
116.528583,39.765635,116.528522,39.774645,116.540198,39.774692,116.540258,39.765682
116.540258,39.765682,116.540198,39.774692,116.551875,39.774738,116.551933,39.765728
116.201595,39.772857,116.201491,39.781866,116.213168,39.781946,116.213270,39.772936
116.213270,39.772936,116.213168,39.781946,116.224845,39.782024,116.224946,39.773015
116.224946,39.773015,116.224845,39.782024,116.236522,39.782102,116.236621,39.773092
116.236621,39.773092,116.236522,39.782102,116.248199,39.782178,116.248297,39.773168
116.248297,39.773168,116.248199,39.782178,116.259876,39.782253,116.259973,39.773243
116.259973,39.773243,116.259876,39.782253,116.271553,39.782327,116.271648,39.773317
116.271648,39.773317,116.271553,39.782327,116.283230,39.782399,116.283324,39.773390
116.283324,39.773390,116.283230,39.782399,116.294908,39.782471,116.295000,39.773462
116.295000,39.773462,116.294908,39.782471,116.306585,39.782541,116.306675,39.773532
116.306675,39.773532,116.306585,39.782541,116.318262,39.782611,116.318351,39.773601
116.318351,39.773601,116.318262,39.782611,116.329940,39.782679,116.330027,39.773669
116.330027,39.773669,116.329940,39.782679,116.341617,39.782745,116.341703,39.773736
116.341703,39.773736,116.341617,39.782745,116.353295,39.782811,116.353379,39.773801
116.353379,39.773801,116.353295,39.782811,116.364972,39.782876,116.365055,39.773866
116.365055,39.773866,116.364972,39.782876,116.376650,39.782939,116.376731,39.773929
116.376731,39.773929,116.376650,39.782939,116.388327,39.783001,116.388407,39.773991
116.388407,39.773991,116.388327,39.783001,116.400005,39.783062,116.400083,39.774052
116.400083,39.774052,116.400005,39.783062,116.411682,39.783122,116.411759,39.774112
116.411759,39.774112,116.411682,39.783122,116.423360,39.783180,116.423435,39.774171
116.423435,39.774171,116.423360,39.783180,116.435038,39.783238,116.435111,39.774228
116.435111,39.774228,116.435038,39.783238,116.446715,39.783294,116.446788,39.774284
116.446788,39.774284,116.446715,39.783294,116.458393,39.783349,116.458464,39.774339
116.458464,39.774339,116.458393,39.783349,116.470071,39.783403,116.470140,39.774393
116.470140,39.774393,116.470071,39.783403,116.481749,39.783456,116.481816,39.774446
116.481816,39.774446,116.481749,39.783456,116.493427,39.783507,116.493493,39.774498
116.493493,39.774498,116.493427,39.783507,116.505105,39.783558,116.505169,39.774548
116.505169,39.774548,116.505105,39.783558,116.516782,39.783607,116.516845,39.774597
116.516845,39.774597,116.516782,39.783607,116.528460,39.783655,116.528522,39.774645
116.528522,39.774645,116.528460,39.783655,116.540138,39.783702,116.540198,39.774692
116.540198,39.774692,116.540138,39.783702,116.551816,39.783748,116.551875,39.774738
116.201491,39.781866,116.201387,39.790875,116.213065,39.790955,116.213168,39.781946
116.213168,39.781946,116.213065,39.790955,116.224744,39.791033,116.224845,39.782024
116.224845,39.782024,116.224744,39.791033,116.236422,39.791111,116.236522,39.782102
116.236522,39.782102,116.236422,39.791111,116.248101,39.791187,116.248199,39.782178
116.248199,39.782178,116.248101,39.791187,116.259779,39.791262,116.259876,39.782253
116.259876,39.782253,116.259779,39.791262,116.271458,39.791336,116.271553,39.782327
116.271553,39.782327,116.271458,39.791336,116.283137,39.791409,116.283230,39.782399
116.283230,39.782399,116.283137,39.791409,116.294816,39.791480,116.294908,39.782471
116.294908,39.782471,116.294816,39.791480,116.306494,39.791551,116.306585,39.782541
116.306585,39.782541,116.306494,39.791551,116.318173,39.791620,116.318262,39.782611
116.318262,39.782611,116.318173,39.791620,116.329852,39.791688,116.329940,39.782679
116.329940,39.782679,116.329852,39.791688,116.341531,39.791755,116.341617,39.782745
116.341617,39.782745,116.341531,39.791755,116.353210,39.791821,116.353295,39.782811
116.353295,39.782811,116.353210,39.791821,116.364889,39.791885,116.364972,39.782876
116.364972,39.782876,116.364889,39.791885,116.376568,39.791948,116.376650,39.782939
116.376650,39.782939,116.376568,39.791948,116.388247,39.792011,116.388327,39.783001
116.388327,39.783001,116.388247,39.792011,116.399926,39.792072,116.400005,39.783062
116.400005,39.783062,116.399926,39.792072,116.411606,39.792131,116.411682,39.783122
116.411682,39.783122,116.411606,39.792131,116.423285,39.792190,116.423360,39.783180
116.423360,39.783180,116.423285,39.792190,116.434964,39.792247,116.435038,39.783238
116.435038,39.783238,116.434964,39.792247,116.446643,39.792304,116.446715,39.783294
116.446715,39.783294,116.446643,39.792304,116.458323,39.792359,116.458393,39.783349
116.458393,39.783349,116.458323,39.792359,116.470002,39.792413,116.470071,39.783403
116.470071,39.783403,116.470002,39.792413,116.481681,39.792466,116.481749,39.783456
116.481749,39.783456,116.481681,39.792466,116.493361,39.792517,116.493427,39.783507
116.493427,39.783507,116.493361,39.792517,116.505040,39.792568,116.505105,39.783558
116.505105,39.783558,116.505040,39.792568,116.516719,39.792617,116.516782,39.783607
116.516782,39.783607,116.516719,39.792617,116.528399,39.792665,116.528460,39.783655
116.528460,39.783655,116.528399,39.792665,116.540078,39.792712,116.540138,39.783702
116.540138,39.783702,116.540078,39.792712,116.551758,39.792757,116.551816,39.783748
116.201387,39.790875,116.201282,39.799884,116.212962,39.799964,116.213065,39.790955
116.213065,39.790955,116.212962,39.799964,116.224643,39.800043,116.224744,39.791033
116.224744,39.791033,116.224643,39.800043,116.236323,39.800120,116.236422,39.791111
116.236422,39.791111,116.236323,39.800120,116.248003,39.800197,116.248101,39.791187
116.248101,39.791187,116.248003,39.800197,116.259683,39.800272,116.259779,39.791262
116.259779,39.791262,116.259683,39.800272,116.271363,39.800346,116.271458,39.791336
116.271458,39.791336,116.271363,39.800346,116.283043,39.800418,116.283137,39.791409
116.283137,39.791409,116.283043,39.800418,116.294724,39.800490,116.294816,39.791480
116.294816,39.791480,116.294724,39.800490,116.306404,39.800560,116.306494,39.791551
116.306494,39.791551,116.306404,39.800560,116.318084,39.800630,116.318173,39.791620
116.318173,39.791620,116.318084,39.800630,116.329765,39.800698,116.329852,39.791688
116.329852,39.791688,116.329765,39.800698,116.341445,39.800764,116.341531,39.791755
116.341531,39.791755,116.341445,39.800764,116.353126,39.800830,116.353210,39.791821
116.353210,39.791821,116.353126,39.800830,116.364806,39.800895,116.364889,39.791885
116.364889,39.791885,116.364806,39.800895,116.376487,39.800958,116.376568,39.791948
116.376568,39.791948,116.376487,39.800958,116.388167,39.801020,116.388247,39.792011
116.388247,39.792011,116.388167,39.801020,116.399848,39.801081,116.399926,39.792072
116.399926,39.792072,116.399848,39.801081,116.411529,39.801141,116.411606,39.792131
116.411606,39.792131,116.411529,39.801141,116.423210,39.801200,116.423285,39.792190
116.423285,39.792190,116.423210,39.801200,116.434890,39.801257,116.434964,39.792247
116.434964,39.792247,116.434890,39.801257,116.446571,39.801313,116.446643,39.792304
116.446643,39.792304,116.446571,39.801313,116.458252,39.801369,116.458323,39.792359
116.458323,39.792359,116.458252,39.801369,116.469933,39.801423,116.470002,39.792413
116.470002,39.792413,116.469933,39.801423,116.481614,39.801475,116.481681,39.792466
116.481681,39.792466,116.481614,39.801475,116.493294,39.801527,116.493361,39.792517
116.493361,39.792517,116.493294,39.801527,116.504975,39.801577,116.505040,39.792568
116.505040,39.792568,116.504975,39.801577,116.516656,39.801627,116.516719,39.792617
116.516719,39.792617,116.516656,39.801627,116.528337,39.801675,116.528399,39.792665
116.528399,39.792665,116.528337,39.801675,116.540018,39.801721,116.540078,39.792712
116.540078,39.792712,116.540018,39.801721,116.551699,39.801767,116.551758,39.792757
116.201282,39.799884,116.201178,39.808894,116.212860,39.808973,116.212962,39.799964
116.212962,39.799964,116.212860,39.808973,116.224541,39.809052,116.224643,39.800043
116.224643,39.800043,116.224541,39.809052,116.236223,39.809130,116.236323,39.800120
116.236323,39.800120,116.236223,39.809130,116.247905,39.809206,116.248003,39.800197
116.248003,39.800197,116.247905,39.809206,116.259586,39.809281,116.259683,39.800272
116.259683,39.800272,116.259586,39.809281,116.271268,39.809355,116.271363,39.800346
116.271363,39.800346,116.271268,39.809355,116.282950,39.809428,116.283043,39.800418
116.283043,39.800418,116.282950,39.809428,116.294632,39.809499,116.294724,39.800490
116.294724,39.800490,116.294632,39.809499,116.306313,39.809570,116.306404,39.800560
116.306404,39.800560,116.306313,39.809570,116.317995,39.809639,116.318084,39.800630
116.318084,39.800630,116.317995,39.809639,116.329677,39.809707,116.329765,39.800698
116.329765,39.800698,116.329677,39.809707,116.341359,39.809774,116.341445,39.800764
116.341445,39.800764,116.341359,39.809774,116.353041,39.809840,116.353126,39.800830
116.353126,39.800830,116.353041,39.809840,116.364723,39.809904,116.364806,39.800895
116.364806,39.800895,116.364723,39.809904,116.376405,39.809968,116.376487,39.800958
116.376487,39.800958,116.376405,39.809968,116.388088,39.810030,116.388167,39.801020
116.388167,39.801020,116.388088,39.810030,116.399770,39.810091,116.399848,39.801081
116.399848,39.801081,116.399770,39.810091,116.411452,39.810151,116.411529,39.801141
116.411529,39.801141,116.411452,39.810151,116.423134,39.810209,116.423210,39.801200
116.423210,39.801200,116.423134,39.810209,116.434816,39.810267,116.434890,39.801257
116.434890,39.801257,116.434816,39.810267,116.446499,39.810323,116.446571,39.801313
116.446571,39.801313,116.446499,39.810323,116.458181,39.810378,116.458252,39.801369
116.458252,39.801369,116.458181,39.810378,116.469864,39.810432,116.469933,39.801423
116.469933,39.801423,116.469864,39.810432,116.481546,39.810485,116.481614,39.801475
116.481614,39.801475,116.481546,39.810485,116.493228,39.810537,116.493294,39.801527
116.493294,39.801527,116.493228,39.810537,116.504911,39.810587,116.504975,39.801577
116.504975,39.801577,116.504911,39.810587,116.516593,39.810636,116.516656,39.801627
116.516656,39.801627,116.516593,39.810636,116.528276,39.810684,116.528337,39.801675
116.528337,39.801675,116.528276,39.810684,116.539958,39.810731,116.540018,39.801721
116.540018,39.801721,116.539958,39.810731,116.551641,39.810777,116.551699,39.801767
116.201178,39.808894,116.201074,39.817903,116.212757,39.817983,116.212860,39.808973
116.212860,39.808973,116.212757,39.817983,116.224440,39.818061,116.224541,39.809052
116.224541,39.809052,116.224440,39.818061,116.236123,39.818139,116.236223,39.809130
116.236223,39.809130,116.236123,39.818139,116.247806,39.818215,116.247905,39.809206
116.247905,39.809206,116.247806,39.818215,116.259490,39.818290,116.259586,39.809281
116.259586,39.809281,116.259490,39.818290,116.271173,39.818364,116.271268,39.809355
116.271268,39.809355,116.271173,39.818364,116.282856,39.818437,116.282950,39.809428
116.282950,39.809428,116.282856,39.818437,116.294539,39.818509,116.294632,39.809499
116.294632,39.809499,116.294539,39.818509,116.306223,39.818579,116.306313,39.809570
116.306313,39.809570,116.306223,39.818579,116.317906,39.818648,116.317995,39.809639
116.317995,39.809639,116.317906,39.818648,116.329590,39.818717,116.329677,39.809707
116.329677,39.809707,116.329590,39.818717,116.341273,39.818783,116.341359,39.809774
116.341359,39.809774,116.341273,39.818783,116.352957,39.818849,116.353041,39.809840
116.353041,39.809840,116.352957,39.818849,116.364640,39.818914,116.364723,39.809904
116.364723,39.809904,116.364640,39.818914,116.376324,39.818977,116.376405,39.809968
116.376405,39.809968,116.376324,39.818977,116.388008,39.819039,116.388088,39.810030
116.388088,39.810030,116.388008,39.819039,116.399691,39.819100,116.399770,39.810091
116.399770,39.810091,116.399691,39.819100,116.411375,39.819160,116.411452,39.810151
116.411452,39.810151,116.411375,39.819160,116.423059,39.819219,116.423134,39.810209
116.423134,39.810209,116.423059,39.819219,116.434743,39.819276,116.434816,39.810267
116.434816,39.810267,116.434743,39.819276,116.446427,39.819333,116.446499,39.810323
116.446499,39.810323,116.446427,39.819333,116.458110,39.819388,116.458181,39.810378
116.458181,39.810378,116.458110,39.819388,116.469794,39.819442,116.469864,39.810432
116.469864,39.810432,116.469794,39.819442,116.481478,39.819495,116.481546,39.810485
116.481546,39.810485,116.481478,39.819495,116.493162,39.819546,116.493228,39.810537
116.493228,39.810537,116.493162,39.819546,116.504846,39.819597,116.504911,39.810587
116.504911,39.810587,116.504846,39.819597,116.516530,39.819646,116.516593,39.810636
116.516593,39.810636,116.516530,39.819646,116.528214,39.819694,116.528276,39.810684
116.528276,39.810684,116.528214,39.819694,116.539898,39.819741,116.539958,39.810731
116.539958,39.810731,116.539898,39.819741,116.551582,39.819787,116.551641,39.810777
116.201074,39.817903,116.200970,39.826912,116.212654,39.826992,116.212757,39.817983
116.212757,39.817983,116.212654,39.826992,116.224339,39.827071,116.224440,39.818061
116.224440,39.818061,116.224339,39.827071,116.236023,39.827148,116.236123,39.818139
116.236123,39.818139,116.236023,39.827148,116.247708,39.827224,116.247806,39.818215
116.247806,39.818215,116.247708,39.827224,116.259393,39.827300,116.259490,39.818290
116.259490,39.818290,116.259393,39.827300,116.271078,39.827374,116.271173,39.818364
116.271173,39.818364,116.271078,39.827374,116.282762,39.827446,116.282856,39.818437
116.282856,39.818437,116.282762,39.827446,116.294447,39.827518,116.294539,39.818509
116.294539,39.818509,116.294447,39.827518,116.306132,39.827589,116.306223,39.818579
116.306223,39.818579,116.306132,39.827589,116.317817,39.827658,116.317906,39.818648
116.317906,39.818648,116.317817,39.827658,116.329502,39.827726,116.329590,39.818717
116.329590,39.818717,116.329502,39.827726,116.341187,39.827793,116.341273,39.818783
116.341273,39.818783,116.341187,39.827793,116.352872,39.827859,116.352957,39.818849
116.352957,39.818849,116.352872,39.827859,116.364557,39.827923,116.364640,39.818914
116.364640,39.818914,116.364557,39.827923,116.376243,39.827987,116.376324,39.818977
116.376324,39.818977,116.376243,39.827987,116.387928,39.828049,116.388008,39.819039
116.388008,39.819039,116.387928,39.828049,116.399613,39.828110,116.399691,39.819100
116.399691,39.819100,116.399613,39.828110,116.411298,39.828170,116.411375,39.819160
116.411375,39.819160,116.411298,39.828170,116.422984,39.828229,116.423059,39.819219
116.423059,39.819219,116.422984,39.828229,116.434669,39.828286,116.434743,39.819276
116.434743,39.819276,116.434669,39.828286,116.446354,39.828342,116.446427,39.819333
116.446427,39.819333,116.446354,39.828342,116.458040,39.828398,116.458110,39.819388
116.458110,39.819388,116.458040,39.828398,116.469725,39.828452,116.469794,39.819442
116.469794,39.819442,116.469725,39.828452,116.481410,39.828504,116.481478,39.819495
116.481478,39.819495,116.481410,39.828504,116.493096,39.828556,116.493162,39.819546
116.493162,39.819546,116.493096,39.828556,116.504781,39.828607,116.504846,39.819597
116.504846,39.819597,116.504781,39.828607,116.516467,39.828656,116.516530,39.819646
116.516530,39.819646,116.516467,39.828656,116.528153,39.828704,116.528214,39.819694
116.528214,39.819694,116.528153,39.828704,116.539838,39.828751,116.539898,39.819741
116.539898,39.819741,116.539838,39.828751,116.551524,39.828797,116.551582,39.819787
116.200970,39.826912,116.200865,39.835921,116.212551,39.836001,116.212654,39.826992
116.212654,39.826992,116.212551,39.836001,116.224237,39.836080,116.224339,39.827071
116.224339,39.827071,116.224237,39.836080,116.235924,39.836157,116.236023,39.827148
116.236023,39.827148,116.235924,39.836157,116.247610,39.836234,116.247708,39.827224
116.247708,39.827224,116.247610,39.836234,116.259296,39.836309,116.259393,39.827300
116.259393,39.827300,116.259296,39.836309,116.270982,39.836383,116.271078,39.827374
116.271078,39.827374,116.270982,39.836383,116.282669,39.836456,116.282762,39.827446
116.282762,39.827446,116.282669,39.836456,116.294355,39.836527,116.294447,39.827518
116.294447,39.827518,116.294355,39.836527,116.306042,39.836598,116.306132,39.827589
116.306132,39.827589,116.306042,39.836598,116.317728,39.836667,116.317817,39.827658
116.317817,39.827658,116.317728,39.836667,116.329415,39.836735,116.329502,39.827726
116.329502,39.827726,116.329415,39.836735,116.341101,39.836802,116.341187,39.827793
116.341187,39.827793,116.341101,39.836802,116.352788,39.836868,116.352872,39.827859
116.352872,39.827859,116.352788,39.836868,116.364474,39.836933,116.364557,39.827923
116.364557,39.827923,116.364474,39.836933,116.376161,39.836996,116.376243,39.827987
116.376243,39.827987,116.376161,39.836996,116.387848,39.837058,116.387928,39.828049
116.387928,39.828049,116.387848,39.837058,116.399535,39.837120,116.399613,39.828110
116.399613,39.828110,116.399535,39.837120,116.411221,39.837179,116.411298,39.828170
116.411298,39.828170,116.411221,39.837179,116.422908,39.837238,116.422984,39.828229
116.422984,39.828229,116.422908,39.837238,116.434595,39.837296,116.434669,39.828286
116.434669,39.828286,116.434595,39.837296,116.446282,39.837352,116.446354,39.828342
116.446354,39.828342,116.446282,39.837352,116.457969,39.837407,116.458040,39.828398
116.458040,39.828398,116.457969,39.837407,116.469656,39.837461,116.469725,39.828452
116.469725,39.828452,116.469656,39.837461,116.481343,39.837514,116.481410,39.828504
116.481410,39.828504,116.481343,39.837514,116.493030,39.837566,116.493096,39.828556
116.493096,39.828556,116.493030,39.837566,116.504717,39.837616,116.504781,39.828607
116.504781,39.828607,116.504717,39.837616,116.516404,39.837666,116.516467,39.828656
116.516467,39.828656,116.516404,39.837666,116.528091,39.837714,116.528153,39.828704
116.528153,39.828704,116.528091,39.837714,116.539778,39.837761,116.539838,39.828751
116.539838,39.828751,116.539778,39.837761,116.551465,39.837806,116.551524,39.828797
116.200865,39.835921,116.200761,39.844930,116.212448,39.845010,116.212551,39.836001
116.212551,39.836001,116.212448,39.845010,116.224136,39.845089,116.224237,39.836080
116.224237,39.836080,116.224136,39.845089,116.235824,39.845167,116.235924,39.836157
116.235924,39.836157,116.235824,39.845167,116.247511,39.845243,116.247610,39.836234
116.247610,39.836234,116.247511,39.845243,116.259199,39.845318,116.259296,39.836309
116.259296,39.836309,116.259199,39.845318,116.270887,39.845392,116.270982,39.836383
116.270982,39.836383,116.270887,39.845392,116.282575,39.845465,116.282669,39.836456
116.282669,39.836456,116.282575,39.845465,116.294263,39.845537,116.294355,39.836527
116.294355,39.836527,116.294263,39.845537,116.305951,39.845607,116.306042,39.836598
116.306042,39.836598,116.305951,39.845607,116.317639,39.845677,116.317728,39.836667
116.317728,39.836667,116.317639,39.845677,116.329327,39.845745,116.329415,39.836735
116.329415,39.836735,116.329327,39.845745,116.341015,39.845812,116.341101,39.836802
116.341101,39.836802,116.341015,39.845812,116.352703,39.845878,116.352788,39.836868
116.352788,39.836868,116.352703,39.845878,116.364391,39.845942,116.364474,39.836933
116.364474,39.836933,116.364391,39.845942,116.376080,39.846006,116.376161,39.836996
116.376161,39.836996,116.376080,39.846006,116.387768,39.846068,116.387848,39.837058
116.387848,39.837058,116.387768,39.846068,116.399456,39.846129,116.399535,39.837120
116.399535,39.837120,116.399456,39.846129,116.411144,39.846189,116.411221,39.837179
116.411221,39.837179,116.411144,39.846189,116.422833,39.846248,116.422908,39.837238
116.422908,39.837238,116.422833,39.846248,116.434521,39.846305,116.434595,39.837296
116.434595,39.837296,116.434521,39.846305,116.446209,39.846362,116.446282,39.837352
116.446282,39.837352,116.446209,39.846362,116.457898,39.846417,116.457969,39.837407
116.457969,39.837407,116.457898,39.846417,116.469586,39.846471,116.469656,39.837461
116.469656,39.837461,116.469586,39.846471,116.481275,39.846524,116.481343,39.837514
116.481343,39.837514,116.481275,39.846524,116.492963,39.846575,116.493030,39.837566
116.493030,39.837566,116.492963,39.846575,116.504652,39.846626,116.504717,39.837616
116.504717,39.837616,116.504652,39.846626,116.516341,39.846675,116.516404,39.837666
116.516404,39.837666,116.516341,39.846675,116.528029,39.846723,116.528091,39.837714
116.528091,39.837714,116.528029,39.846723,116.539718,39.846770,116.539778,39.837761
116.539778,39.837761,116.539718,39.846770,116.551407,39.846816,116.551465,39.837806
116.200761,39.844930,116.200656,39.853939,116.212345,39.854019,116.212448,39.845010
116.212448,39.845010,116.212345,39.854019,116.224035,39.854098,116.224136,39.845089
116.224136,39.845089,116.224035,39.854098,116.235724,39.854176,116.235824,39.845167
116.235824,39.845167,116.235724,39.854176,116.247413,39.854252,116.247511,39.845243
116.247511,39.845243,116.247413,39.854252,116.259102,39.854328,116.259199,39.845318
116.259199,39.845318,116.259102,39.854328,116.270792,39.854402,116.270887,39.845392
116.270887,39.845392,116.270792,39.854402,116.282481,39.854474,116.282575,39.845465
116.282575,39.845465,116.282481,39.854474,116.294171,39.854546,116.294263,39.845537
116.294263,39.845537,116.294171,39.854546,116.305860,39.854617,116.305951,39.845607
116.305951,39.845607,116.305860,39.854617,116.317550,39.854686,116.317639,39.845677
116.317639,39.845677,116.317550,39.854686,116.329239,39.854754,116.329327,39.845745
116.329327,39.845745,116.329239,39.854754,116.340929,39.854821,116.341015,39.845812
116.341015,39.845812,116.340929,39.854821,116.352619,39.854887,116.352703,39.845878
116.352703,39.845878,116.352619,39.854887,116.364308,39.854952,116.364391,39.845942
116.364391,39.845942,116.364308,39.854952,116.375998,39.855015,116.376080,39.846006
116.376080,39.846006,116.375998,39.855015,116.387688,39.855078,116.387768,39.846068
116.387768,39.846068,116.387688,39.855078,116.399378,39.855139,116.399456,39.846129
116.399456,39.846129,116.399378,39.855139,116.411067,39.855199,116.411144,39.846189
116.411144,39.846189,116.411067,39.855199,116.422757,39.855257,116.422833,39.846248
116.422833,39.846248,116.422757,39.855257,116.434447,39.855315,116.434521,39.846305
116.434521,39.846305,116.434447,39.855315,116.446137,39.855371,116.446209,39.846362
116.446209,39.846362,116.446137,39.855371,116.457827,39.855427,116.457898,39.846417
116.457898,39.846417,116.457827,39.855427,116.469517,39.855481,116.469586,39.846471
116.469586,39.846471,116.469517,39.855481,116.481207,39.855533,116.481275,39.846524
116.481275,39.846524,116.481207,39.855533,116.492897,39.855585,116.492963,39.846575
116.492963,39.846575,116.492897,39.855585,116.504587,39.855636,116.504652,39.846626
116.504652,39.846626,116.504587,39.855636,116.516277,39.855685,116.516341,39.846675
116.516341,39.846675,116.516277,39.855685,116.527968,39.855733,116.528029,39.846723
116.528029,39.846723,116.527968,39.855733,116.539658,39.855780,116.539718,39.846770
116.539718,39.846770,116.539658,39.855780,116.551348,39.855826,116.551407,39.846816
116.200656,39.853939,116.200552,39.862949,116.212242,39.863029,116.212345,39.854019
116.212345,39.854019,116.212242,39.863029,116.223933,39.863107,116.224035,39.854098
116.224035,39.854098,116.223933,39.863107,116.235624,39.863185,116.235724,39.854176
116.235724,39.854176,116.235624,39.863185,116.247315,39.863262,116.247413,39.854252
116.247413,39.854252,116.247315,39.863262,116.259006,39.863337,116.259102,39.854328
116.259102,39.854328,116.259006,39.863337,116.270696,39.863411,116.270792,39.854402
116.270792,39.854402,116.270696,39.863411,116.282387,39.863484,116.282481,39.854474
116.282481,39.854474,116.282387,39.863484,116.294078,39.863556,116.294171,39.854546
116.294171,39.854546,116.294078,39.863556,116.305769,39.863626,116.305860,39.854617
116.305860,39.854617,116.305769,39.863626,116.317460,39.863695,116.317550,39.854686
116.317550,39.854686,116.317460,39.863695,116.329152,39.863764,116.329239,39.854754
116.329239,39.854754,116.329152,39.863764,116.340843,39.863831,116.340929,39.854821
116.340929,39.854821,116.340843,39.863831,116.352534,39.863897,116.352619,39.854887
116.352619,39.854887,116.352534,39.863897,116.364225,39.863961,116.364308,39.854952
116.364308,39.854952,116.364225,39.863961,116.375916,39.864025,116.375998,39.855015
116.375998,39.855015,116.375916,39.864025,116.387608,39.864087,116.387688,39.855078
116.387688,39.855078,116.387608,39.864087,116.399299,39.864148,116.399378,39.855139
116.399378,39.855139,116.399299,39.864148,116.410990,39.864208,116.411067,39.855199
116.411067,39.855199,116.410990,39.864208,116.422682,39.864267,116.422757,39.855257
116.422757,39.855257,116.422682,39.864267,116.434373,39.864325,116.434447,39.855315
116.434447,39.855315,116.434373,39.864325,116.446065,39.864381,116.446137,39.855371
116.446137,39.855371,116.446065,39.864381,116.457756,39.864436,116.457827,39.855427
116.457827,39.855427,116.457756,39.864436,116.469448,39.864490,116.469517,39.855481
116.469517,39.855481,116.469448,39.864490,116.481139,39.864543,116.481207,39.855533
116.481207,39.855533,116.481139,39.864543,116.492831,39.864595,116.492897,39.855585
116.492897,39.855585,116.492831,39.864595,116.504522,39.864645,116.504587,39.855636
116.504587,39.855636,116.504522,39.864645,116.516214,39.864695,116.516277,39.855685
116.516277,39.855685,116.516214,39.864695,116.527906,39.864743,116.527968,39.855733
116.527968,39.855733,116.527906,39.864743,116.539598,39.864790,116.539658,39.855780
116.539658,39.855780,116.539598,39.864790,116.551289,39.864836,116.551348,39.855826
116.200552,39.862949,116.200447,39.871958,116.212139,39.872038,116.212242,39.863029
116.212242,39.863029,116.212139,39.872038,116.223832,39.872117,116.223933,39.863107
116.223933,39.863107,116.223832,39.872117,116.235524,39.872194,116.235624,39.863185
116.235624,39.863185,116.235524,39.872194,116.247216,39.872271,116.247315,39.863262
116.247315,39.863262,116.247216,39.872271,116.258909,39.872346,116.259006,39.863337
116.259006,39.863337,116.258909,39.872346,116.270601,39.872420,116.270696,39.863411
116.270696,39.863411,116.270601,39.872420,116.282293,39.872493,116.282387,39.863484
116.282387,39.863484,116.282293,39.872493,116.293986,39.872565,116.294078,39.863556
116.294078,39.863556,116.293986,39.872565,116.305679,39.872635,116.305769,39.863626
116.305769,39.863626,116.305679,39.872635,116.317371,39.872705,116.317460,39.863695
116.317460,39.863695,116.317371,39.872705,116.329064,39.872773,116.329152,39.863764
116.329152,39.863764,116.329064,39.872773,116.340756,39.872840,116.340843,39.863831
116.340843,39.863831,116.340756,39.872840,116.352449,39.872906,116.352534,39.863897
116.352534,39.863897,116.352449,39.872906,116.364142,39.872971,116.364225,39.863961
116.364225,39.863961,116.364142,39.872971,116.375835,39.873034,116.375916,39.864025
116.375916,39.864025,116.375835,39.873034,116.387528,39.873097,116.387608,39.864087
116.387608,39.864087,116.387528,39.873097,116.399220,39.873158,116.399299,39.864148
116.399299,39.864148,116.399220,39.873158,116.410913,39.873218,116.410990,39.864208
116.410990,39.864208,116.410913,39.873218,116.422606,39.873276,116.422682,39.864267
116.422682,39.864267,116.422606,39.873276,116.434299,39.873334,116.434373,39.864325
116.434373,39.864325,116.434299,39.873334,116.445992,39.873391,116.446065,39.864381
116.446065,39.864381,116.445992,39.873391,116.457685,39.873446,116.457756,39.864436
116.457756,39.864436,116.457685,39.873446,116.469378,39.873500,116.469448,39.864490
116.469448,39.864490,116.469378,39.873500,116.481071,39.873553,116.481139,39.864543
116.481139,39.864543,116.481071,39.873553,116.492764,39.873604,116.492831,39.864595
116.492831,39.864595,116.492764,39.873604,116.504458,39.873655,116.504522,39.864645
116.504522,39.864645,116.504458,39.873655,116.516151,39.873704,116.516214,39.864695
116.516214,39.864695,116.516151,39.873704,116.527844,39.873753,116.527906,39.864743
116.527906,39.864743,116.527844,39.873753,116.539537,39.873800,116.539598,39.864790
116.539598,39.864790,116.539537,39.873800,116.551231,39.873845,116.551289,39.864836
116.200447,39.871958,116.200343,39.880967,116.212036,39.881047,116.212139,39.872038
116.212139,39.872038,116.212036,39.881047,116.223730,39.881126,116.223832,39.872117
116.223832,39.872117,116.223730,39.881126,116.235424,39.881203,116.235524,39.872194
116.235524,39.872194,116.235424,39.881203,116.247118,39.881280,116.247216,39.872271
116.247216,39.872271,116.247118,39.881280,116.258812,39.881355,116.258909,39.872346
116.258909,39.872346,116.258812,39.881355,116.270506,39.881429,116.270601,39.872420
116.270601,39.872420,116.270506,39.881429,116.282200,39.881502,116.282293,39.872493
116.282293,39.872493,116.282200,39.881502,116.293894,39.881574,116.293986,39.872565
116.293986,39.872565,116.293894,39.881574,116.305588,39.881645,116.305679,39.872635
116.305679,39.872635,116.305588,39.881645,116.317282,39.881714,116.317371,39.872705
116.317371,39.872705,116.317282,39.881714,116.328976,39.881782,116.329064,39.872773
116.329064,39.872773,116.328976,39.881782,116.340670,39.881850,116.340756,39.872840
116.340756,39.872840,116.340670,39.881850,116.352364,39.881915,116.352449,39.872906
116.352449,39.872906,116.352364,39.881915,116.364059,39.881980,116.364142,39.872971
116.364142,39.872971,116.364059,39.881980,116.375753,39.882044,116.375835,39.873034
116.375835,39.873034,116.375753,39.882044,116.387447,39.882106,116.387528,39.873097
116.387528,39.873097,116.387447,39.882106,116.399142,39.882167,116.399220,39.873158
116.399220,39.873158,116.399142,39.882167,116.410836,39.882227,116.410913,39.873218
116.410913,39.873218,116.410836,39.882227,116.422531,39.882286,116.422606,39.873276
116.422606,39.873276,116.422531,39.882286,116.434225,39.882344,116.434299,39.873334
116.434299,39.873334,116.434225,39.882344,116.445920,39.882400,116.445992,39.873391
116.445992,39.873391,116.445920,39.882400,116.457614,39.882455,116.457685,39.873446
116.457685,39.873446,116.457614,39.882455,116.469309,39.882509,116.469378,39.873500
116.469378,39.873500,116.469309,39.882509,116.481003,39.882562,116.481071,39.873553
116.481071,39.873553,116.481003,39.882562,116.492698,39.882614,116.492764,39.873604
116.492764,39.873604,116.492698,39.882614,116.504393,39.882665,116.504458,39.873655
116.504458,39.873655,116.504393,39.882665,116.516088,39.882714,116.516151,39.873704
116.516151,39.873704,116.516088,39.882714,116.527782,39.882762,116.527844,39.873753
116.527844,39.873753,116.527782,39.882762,116.539477,39.882809,116.539537,39.873800
116.539537,39.873800,116.539477,39.882809,116.551172,39.882855,116.551231,39.873845
116.200343,39.880967,116.200238,39.889976,116.211933,39.890056,116.212036,39.881047
116.212036,39.881047,116.211933,39.890056,116.223628,39.890135,116.223730,39.881126
116.223730,39.881126,116.223628,39.890135,116.235324,39.890213,116.235424,39.881203
116.235424,39.881203,116.235324,39.890213,116.247019,39.890289,116.247118,39.881280
116.247118,39.881280,116.247019,39.890289,116.258715,39.890365,116.258812,39.881355
116.258812,39.881355,116.258715,39.890365,116.270410,39.890439,116.270506,39.881429
116.270506,39.881429,116.270410,39.890439,116.282106,39.890512,116.282200,39.881502
116.282200,39.881502,116.282106,39.890512,116.293801,39.890583,116.293894,39.881574
116.293894,39.881574,116.293801,39.890583,116.305497,39.890654,116.305588,39.881645
116.305588,39.881645,116.305497,39.890654,116.317192,39.890724,116.317282,39.881714
116.317282,39.881714,116.317192,39.890724,116.328888,39.890792,116.328976,39.881782
116.328976,39.881782,116.328888,39.890792,116.340584,39.890859,116.340670,39.881850
116.340670,39.881850,116.340584,39.890859,116.352280,39.890925,116.352364,39.881915
116.352364,39.881915,116.352280,39.890925,116.363975,39.890990,116.364059,39.881980
116.364059,39.881980,116.363975,39.890990,116.375671,39.891053,116.375753,39.882044
116.375753,39.882044,116.375671,39.891053,116.387367,39.891115,116.387447,39.882106
116.387447,39.882106,116.387367,39.891115,116.399063,39.891177,116.399142,39.882167
116.399142,39.882167,116.399063,39.891177,116.410759,39.891237,116.410836,39.882227
116.410836,39.882227,116.410759,39.891237,116.422455,39.891296,116.422531,39.882286
116.422531,39.882286,116.422455,39.891296,116.434151,39.891353,116.434225,39.882344
116.434225,39.882344,116.434151,39.891353,116.445847,39.891410,116.445920,39.882400
116.445920,39.882400,116.445847,39.891410,116.457543,39.891465,116.457614,39.882455
116.457614,39.882455,116.457543,39.891465,116.469239,39.891519,116.469309,39.882509
116.469309,39.882509,116.469239,39.891519,116.480936,39.891572,116.481003,39.882562
116.481003,39.882562,116.480936,39.891572,116.492632,39.891624,116.492698,39.882614
116.492698,39.882614,116.492632,39.891624,116.504328,39.891674,116.504393,39.882665
116.504393,39.882665,116.504328,39.891674,116.516024,39.891724,116.516088,39.882714
116.516088,39.882714,116.516024,39.891724,116.527720,39.891772,116.527782,39.882762
116.527782,39.882762,116.527720,39.891772,116.539417,39.891819,116.539477,39.882809
116.539477,39.882809,116.539417,39.891819,116.551113,39.891865,116.551172,39.882855
116.200238,39.889976,116.200133,39.898985,116.211830,39.899065,116.211933,39.890056
116.211933,39.890056,116.211830,39.899065,116.223527,39.899144,116.223628,39.890135
116.223628,39.890135,116.223527,39.899144,116.235224,39.899222,116.235324,39.890213
116.235324,39.890213,116.235224,39.899222,116.246921,39.899298,116.247019,39.890289
116.247019,39.890289,116.246921,39.899298,116.258618,39.899374,116.258715,39.890365
116.258715,39.890365,116.258618,39.899374,116.270315,39.899448,116.270410,39.890439
116.270410,39.890439,116.270315,39.899448,116.282012,39.899521,116.282106,39.890512
116.282106,39.890512,116.282012,39.899521,116.293709,39.899593,116.293801,39.890583
116.293801,39.890583,116.293709,39.899593,116.305406,39.899663,116.305497,39.890654
116.305497,39.890654,116.305406,39.899663,116.317103,39.899733,116.317192,39.890724
116.317192,39.890724,116.317103,39.899733,116.328800,39.899801,116.328888,39.890792
116.328888,39.890792,116.328800,39.899801,116.340498,39.899868,116.340584,39.890859
116.340584,39.890859,116.340498,39.899868,116.352195,39.899934,116.352280,39.890925
116.352280,39.890925,116.352195,39.899934,116.363892,39.899999,116.363975,39.890990
116.363975,39.890990,116.363892,39.899999,116.375590,39.900063,116.375671,39.891053
116.375671,39.891053,116.375590,39.900063,116.387287,39.900125,116.387367,39.891115
116.387367,39.891115,116.387287,39.900125,116.398984,39.900186,116.399063,39.891177
116.399063,39.891177,116.398984,39.900186,116.410682,39.900246,116.410759,39.891237
116.410759,39.891237,116.410682,39.900246,116.422379,39.900305,116.422455,39.891296
116.422455,39.891296,116.422379,39.900305,116.434077,39.900363,116.434151,39.891353
116.434151,39.891353,116.434077,39.900363,116.445775,39.900419,116.445847,39.891410
116.445847,39.891410,116.445775,39.900419,116.457472,39.900475,116.457543,39.891465
116.457543,39.891465,116.457472,39.900475,116.469170,39.900529,116.469239,39.891519
116.469239,39.891519,116.469170,39.900529,116.480868,39.900582,116.480936,39.891572
116.480936,39.891572,116.480868,39.900582,116.492565,39.900633,116.492632,39.891624
116.492632,39.891624,116.492565,39.900633,116.504263,39.900684,116.504328,39.891674
116.504328,39.891674,116.504263,39.900684,116.515961,39.900733,116.516024,39.891724
116.516024,39.891724,116.515961,39.900733,116.527659,39.900782,116.527720,39.891772
116.527720,39.891772,116.527659,39.900782,116.539356,39.900829,116.539417,39.891819
116.539417,39.891819,116.539356,39.900829,116.551054,39.900875,116.551113,39.891865
116.200133,39.898985,116.200028,39.907994,116.211727,39.908074,116.211830,39.899065
116.211830,39.899065,116.211727,39.908074,116.223425,39.908153,116.223527,39.899144
116.223527,39.899144,116.223425,39.908153,116.235123,39.908231,116.235224,39.899222
116.235224,39.899222,116.235123,39.908231,116.246822,39.908308,116.246921,39.899298
116.246921,39.899298,116.246822,39.908308,116.258520,39.908383,116.258618,39.899374
116.258618,39.899374,116.258520,39.908383,116.270219,39.908457,116.270315,39.899448
116.270315,39.899448,116.270219,39.908457,116.281918,39.908530,116.282012,39.899521
116.282012,39.899521,116.281918,39.908530,116.293616,39.908602,116.293709,39.899593
116.293709,39.899593,116.293616,39.908602,116.305315,39.908673,116.305406,39.899663
116.305406,39.899663,116.305315,39.908673,116.317014,39.908742,116.317103,39.899733
116.317103,39.899733,116.317014,39.908742,116.328712,39.908810,116.328800,39.899801
116.328800,39.899801,116.328712,39.908810,116.340411,39.908878,116.340498,39.899868
116.340498,39.899868,116.340411,39.908878,116.352110,39.908944,116.352195,39.899934
116.352195,39.899934,116.352110,39.908944,116.363809,39.909008,116.363892,39.899999
116.363892,39.899999,116.363809,39.909008,116.375508,39.909072,116.375590,39.900063
116.375590,39.900063,116.375508,39.909072,116.387207,39.909134,116.387287,39.900125
116.387287,39.900125,116.387207,39.909134,116.398906,39.909196,116.398984,39.900186
116.398984,39.900186,116.398906,39.909196,116.410605,39.909256,116.410682,39.900246
116.410682,39.900246,116.410605,39.909256,116.422304,39.909315,116.422379,39.900305
116.422379,39.900305,116.422304,39.909315,116.434003,39.909372,116.434077,39.900363
116.434077,39.900363,116.434003,39.909372,116.445702,39.909429,116.445775,39.900419
116.445775,39.900419,116.445702,39.909429,116.457401,39.909484,116.457472,39.900475
116.457472,39.900475,116.457401,39.909484,116.469100,39.909538,116.469170,39.900529
116.469170,39.900529,116.469100,39.909538,116.480800,39.909591,116.480868,39.900582
116.480868,39.900582,116.480800,39.909591,116.492499,39.909643,116.492565,39.900633
116.492565,39.900633,116.492499,39.909643,116.504198,39.909694,116.504263,39.900684
116.504263,39.900684,116.504198,39.909694,116.515897,39.909743,116.515961,39.900733
116.515961,39.900733,116.515897,39.909743,116.527597,39.909791,116.527659,39.900782
116.527659,39.900782,116.527597,39.909791,116.539296,39.909838,116.539356,39.900829
116.539356,39.900829,116.539296,39.909838,116.550995,39.909884,116.551054,39.900875
116.200028,39.907994,116.199924,39.917003,116.211623,39.917083,116.211727,39.908074
116.211727,39.908074,116.211623,39.917083,116.223323,39.917162,116.223425,39.908153
116.223425,39.908153,116.223323,39.917162,116.235023,39.917240,116.235123,39.908231
116.235123,39.908231,116.235023,39.917240,116.246723,39.917317,116.246822,39.908308
116.246822,39.908308,116.246723,39.917317,116.258423,39.917392,116.258520,39.908383
116.258520,39.908383,116.258423,39.917392,116.270123,39.917466,116.270219,39.908457
116.270219,39.908457,116.270123,39.917466,116.281823,39.917539,116.281918,39.908530
116.281918,39.908530,116.281823,39.917539,116.293524,39.917611,116.293616,39.908602
116.293616,39.908602,116.293524,39.917611,116.305224,39.917682,116.305315,39.908673
116.305315,39.908673,116.305224,39.917682,116.316924,39.917751,116.317014,39.908742
116.317014,39.908742,116.316924,39.917751,116.328624,39.917820,116.328712,39.908810
116.328712,39.908810,116.328624,39.917820,116.340325,39.917887,116.340411,39.908878
116.340411,39.908878,116.340325,39.917887,116.352025,39.917953,116.352110,39.908944
116.352110,39.908944,116.352025,39.917953,116.363725,39.918018,116.363809,39.909008
116.363809,39.909008,116.363725,39.918018,116.375426,39.918081,116.375508,39.909072
116.375508,39.909072,116.375426,39.918081,116.387126,39.918144,116.387207,39.909134
116.387207,39.909134,116.387126,39.918144,116.398827,39.918205,116.398906,39.909196
116.398906,39.909196,116.398827,39.918205,116.410527,39.918265,116.410605,39.909256
116.410605,39.909256,116.410527,39.918265,116.422228,39.918324,116.422304,39.909315
116.422304,39.909315,116.422228,39.918324,116.433929,39.918382,116.434003,39.909372
116.434003,39.909372,116.433929,39.918382,116.445629,39.918438,116.445702,39.909429
116.445702,39.909429,116.445629,39.918438,116.457330,39.918494,116.457401,39.909484
116.457401,39.909484,116.457330,39.918494,116.469031,39.918548,116.469100,39.909538
116.469100,39.909538,116.469031,39.918548,116.480732,39.918601,116.480800,39.909591
116.480800,39.909591,116.480732,39.918601,116.492432,39.918653,116.492499,39.909643
116.492499,39.909643,116.492432,39.918653,116.504133,39.918703,116.504198,39.909694
116.504198,39.909694,116.504133,39.918703,116.515834,39.918753,116.515897,39.909743
116.515897,39.909743,116.515834,39.918753,116.527535,39.918801,116.527597,39.909791
116.527597,39.909791,116.527535,39.918801,116.539236,39.918848,116.539296,39.909838
116.539296,39.909838,116.539236,39.918848,116.550937,39.918894,116.550995,39.909884
116.199924,39.917003,116.199819,39.926012,116.211520,39.926092,116.211623,39.917083
116.211623,39.917083,116.211520,39.926092,116.223221,39.926171,116.223323,39.917162
116.223323,39.917162,116.223221,39.926171,116.234923,39.926249,116.235023,39.917240
116.235023,39.917240,116.234923,39.926249,116.246624,39.926326,116.246723,39.917317
116.246723,39.917317,116.246624,39.926326,116.258326,39.926401,116.258423,39.917392
116.258423,39.917392,116.258326,39.926401,116.270028,39.926476,116.270123,39.917466
116.270123,39.917466,116.270028,39.926476,116.281729,39.926549,116.281823,39.917539
116.281823,39.917539,116.281729,39.926549,116.293431,39.926621,116.293524,39.917611
116.293524,39.917611,116.293431,39.926621,116.305133,39.926691,116.305224,39.917682
116.305224,39.917682,116.305133,39.926691,116.316835,39.926761,116.316924,39.917751
116.316924,39.917751,116.316835,39.926761,116.328536,39.926829,116.328624,39.917820
116.328624,39.917820,116.328536,39.926829,116.340238,39.926896,116.340325,39.917887
116.340325,39.917887,116.340238,39.926896,116.351940,39.926962,116.352025,39.917953
116.352025,39.917953,116.351940,39.926962,116.363642,39.927027,116.363725,39.918018
116.363725,39.918018,116.363642,39.927027,116.375344,39.927091,116.375426,39.918081
116.375426,39.918081,116.375344,39.927091,116.387046,39.927153,116.387126,39.918144
116.387126,39.918144,116.387046,39.927153,116.398748,39.927214,116.398827,39.918205
116.398827,39.918205,116.398748,39.927214,116.410450,39.927275,116.410527,39.918265
116.410527,39.918265,116.410450,39.927275,116.422152,39.927333,116.422228,39.918324
116.422228,39.918324,116.422152,39.927333,116.433854,39.927391,116.433929,39.918382
116.433929,39.918382,116.433854,39.927391,116.445557,39.927448,116.445629,39.918438
116.445629,39.918438,116.445557,39.927448,116.457259,39.927503,116.457330,39.918494
116.457330,39.918494,116.457259,39.927503,116.468961,39.927557,116.469031,39.918548
116.469031,39.918548,116.468961,39.927557,116.480663,39.927610,116.480732,39.918601
116.480732,39.918601,116.480663,39.927610,116.492366,39.927662,116.492432,39.918653
116.492432,39.918653,116.492366,39.927662,116.504068,39.927713,116.504133,39.918703
116.504133,39.918703,116.504068,39.927713,116.515770,39.927762,116.515834,39.918753
116.515834,39.918753,116.515770,39.927762,116.527473,39.927811,116.527535,39.918801
116.527535,39.918801,116.527473,39.927811,116.539175,39.927858,116.539236,39.918848
116.539236,39.918848,116.539175,39.927858,116.550878,39.927904,116.550937,39.918894
116.199819,39.926012,116.199714,39.935021,116.211417,39.935101,116.211520,39.926092
116.211520,39.926092,116.211417,39.935101,116.223120,39.935180,116.223221,39.926171
116.223221,39.926171,116.223120,39.935180,116.234823,39.935258,116.234923,39.926249
116.234923,39.926249,116.234823,39.935258,116.246526,39.935335,116.246624,39.926326
116.246624,39.926326,116.246526,39.935335,116.258229,39.935410,116.258326,39.926401
116.258326,39.926401,116.258229,39.935410,116.269932,39.935485,116.270028,39.926476
116.270028,39.926476,116.269932,39.935485,116.281635,39.935558,116.281729,39.926549
116.281729,39.926549,116.281635,39.935558,116.293338,39.935630,116.293431,39.926621
116.293431,39.926621,116.293338,39.935630,116.305042,39.935700,116.305133,39.926691
116.305133,39.926691,116.305042,39.935700,116.316745,39.935770,116.316835,39.926761
116.316835,39.926761,116.316745,39.935770,116.328448,39.935838,116.328536,39.926829
116.328536,39.926829,116.328448,39.935838,116.340152,39.935906,116.340238,39.926896
116.340238,39.926896,116.340152,39.935906,116.351855,39.935972,116.351940,39.926962
116.351940,39.926962,116.351855,39.935972,116.363559,39.936036,116.363642,39.927027
116.363642,39.927027,116.363559,39.936036,116.375262,39.936100,116.375344,39.927091
116.375344,39.927091,116.375262,39.936100,116.386966,39.936163,116.387046,39.927153
116.387046,39.927153,116.386966,39.936163,116.398669,39.936224,116.398748,39.927214
116.398748,39.927214,116.398669,39.936224,116.410373,39.936284,116.410450,39.927275
116.410450,39.927275,116.410373,39.936284,116.422077,39.936343,116.422152,39.927333
116.422152,39.927333,116.422077,39.936343,116.433780,39.936401,116.433854,39.927391
116.433854,39.927391,116.433780,39.936401,116.445484,39.936457,116.445557,39.927448
116.445557,39.927448,116.445484,39.936457,116.457188,39.936513,116.457259,39.927503
116.457259,39.927503,116.457188,39.936513,116.468892,39.936567,116.468961,39.927557
116.468961,39.927557,116.468892,39.936567,116.480595,39.936620,116.480663,39.927610
116.480663,39.927610,116.480595,39.936620,116.492299,39.936672,116.492366,39.927662
116.492366,39.927662,116.492299,39.936672,116.504003,39.936722,116.504068,39.927713
116.504068,39.927713,116.504003,39.936722,116.515707,39.936772,116.515770,39.927762
116.515770,39.927762,116.515707,39.936772,116.527411,39.936820,116.527473,39.927811
116.527473,39.927811,116.527411,39.936820,116.539115,39.936867,116.539175,39.927858
116.539175,39.927858,116.539115,39.936867,116.550819,39.936913,116.550878,39.927904
116.199714,39.935021,116.199609,39.944030,116.211313,39.944111,116.211417,39.935101
116.211417,39.935101,116.211313,39.944111,116.223018,39.944190,116.223120,39.935180
116.223120,39.935180,116.223018,39.944190,116.234722,39.944267,116.234823,39.935258
116.234823,39.935258,116.234722,39.944267,116.246427,39.944344,116.246526,39.935335
116.246526,39.935335,116.246427,39.944344,116.258132,39.944420,116.258229,39.935410
116.258229,39.935410,116.258132,39.944420,116.269836,39.944494,116.269932,39.935485
116.269932,39.935485,116.269836,39.944494,116.281541,39.944567,116.281635,39.935558
116.281635,39.935558,116.281541,39.944567,116.293246,39.944639,116.293338,39.935630
116.293338,39.935630,116.293246,39.944639,116.304951,39.944710,116.305042,39.935700
116.305042,39.935700,116.304951,39.944710,116.316655,39.944779,116.316745,39.935770
116.316745,39.935770,116.316655,39.944779,116.328360,39.944848,116.328448,39.935838
116.328448,39.935838,116.328360,39.944848,116.340065,39.944915,116.340152,39.935906
116.340152,39.935906,116.340065,39.944915,116.351770,39.944981,116.351855,39.935972
116.351855,39.935972,116.351770,39.944981,116.363475,39.945046,116.363559,39.936036
116.363559,39.936036,116.363475,39.945046,116.375180,39.945109,116.375262,39.936100
116.375262,39.936100,116.375180,39.945109,116.386885,39.945172,116.386966,39.936163
116.386966,39.936163,116.386885,39.945172,116.398590,39.945233,116.398669,39.936224
116.398669,39.936224,116.398590,39.945233,116.410296,39.945293,116.410373,39.936284
116.410373,39.936284,116.410296,39.945293,116.422001,39.945352,116.422077,39.936343
116.422077,39.936343,116.422001,39.945352,116.433706,39.945410,116.433780,39.936401
116.433780,39.936401,116.433706,39.945410,116.445411,39.945467,116.445484,39.936457
116.445484,39.936457,116.445411,39.945467,116.457117,39.945522,116.457188,39.936513
116.457188,39.936513,116.457117,39.945522,116.468822,39.945576,116.468892,39.936567
116.468892,39.936567,116.468822,39.945576,116.480527,39.945629,116.480595,39.936620
116.480595,39.936620,116.480527,39.945629,116.492233,39.945681,116.492299,39.936672
116.492299,39.936672,116.492233,39.945681,116.503938,39.945732,116.504003,39.936722
116.504003,39.936722,116.503938,39.945732,116.515643,39.945781,116.515707,39.936772
116.515707,39.936772,116.515643,39.945781,116.527349,39.945830,116.527411,39.936820
116.527411,39.936820,116.527349,39.945830,116.539054,39.945877,116.539115,39.936867
116.539115,39.936867,116.539054,39.945877,116.550760,39.945923,116.550819,39.936913
116.199609,39.944030,116.199504,39.953039,116.211210,39.953120,116.211313,39.944111
116.211313,39.944111,116.211210,39.953120,116.222916,39.953199,116.223018,39.944190
116.223018,39.944190,116.222916,39.953199,116.234622,39.953276,116.234722,39.944267
116.234722,39.944267,116.234622,39.953276,116.246328,39.953353,116.246427,39.944344
116.246427,39.944344,116.246328,39.953353,116.258034,39.953429,116.258132,39.944420
116.258132,39.944420,116.258034,39.953429,116.269740,39.953503,116.269836,39.944494
116.269836,39.944494,116.269740,39.953503,116.281447,39.953576,116.281541,39.944567
116.281541,39.944567,116.281447,39.953576,116.293153,39.953648,116.293246,39.944639
116.293246,39.944639,116.293153,39.953648,116.304859,39.953719,116.304951,39.944710
116.304951,39.944710,116.304859,39.953719,116.316566,39.953789,116.316655,39.944779
116.316655,39.944779,116.316566,39.953789,116.328272,39.953857,116.328360,39.944848
116.328360,39.944848,116.328272,39.953857,116.339979,39.953924,116.340065,39.944915
116.340065,39.944915,116.339979,39.953924,116.351685,39.953990,116.351770,39.944981
116.351770,39.944981,116.351685,39.953990,116.363392,39.954055,116.363475,39.945046
116.363475,39.945046,116.363392,39.954055,116.375098,39.954119,116.375180,39.945109
116.375180,39.945109,116.375098,39.954119,116.386805,39.954181,116.386885,39.945172
116.386885,39.945172,116.386805,39.954181,116.398512,39.954243,116.398590,39.945233
116.398590,39.945233,116.398512,39.954243,116.410218,39.954303,116.410296,39.945293
116.410296,39.945293,116.410218,39.954303,116.421925,39.954362,116.422001,39.945352
116.422001,39.945352,116.421925,39.954362,116.433632,39.954420,116.433706,39.945410
116.433706,39.945410,116.433632,39.954420,116.445338,39.954476,116.445411,39.945467
116.445411,39.945467,116.445338,39.954476,116.457045,39.954532,116.457117,39.945522
116.457117,39.945522,116.457045,39.954532,116.468752,39.954586,116.468822,39.945576
116.468822,39.945576,116.468752,39.954586,116.480459,39.954639,116.480527,39.945629
116.480527,39.945629,116.480459,39.954639,116.492166,39.954691,116.492233,39.945681
116.492233,39.945681,116.492166,39.954691,116.503873,39.954741,116.503938,39.945732
116.503938,39.945732,116.503873,39.954741,116.515580,39.954791,116.515643,39.945781
116.515643,39.945781,116.515580,39.954791,116.527287,39.954839,116.527349,39.945830
116.527349,39.945830,116.527287,39.954839,116.538994,39.954886,116.539054,39.945877
116.539054,39.945877,116.538994,39.954886,116.550701,39.954932,116.550760,39.945923
116.199504,39.953039,116.199399,39.962048,116.211106,39.962129,116.211210,39.953120
116.211210,39.953120,116.211106,39.962129,116.222814,39.962208,116.222916,39.953199
116.222916,39.953199,116.222814,39.962208,116.234521,39.962286,116.234622,39.953276
116.234622,39.953276,116.234521,39.962286,116.246229,39.962362,116.246328,39.953353
116.246328,39.953353,116.246229,39.962362,116.257937,39.962438,116.258034,39.953429
116.258034,39.953429,116.257937,39.962438,116.269645,39.962512,116.269740,39.953503
116.269740,39.953503,116.269645,39.962512,116.281352,39.962585,116.281447,39.953576
116.281447,39.953576,116.281352,39.962585,116.293060,39.962657,116.293153,39.953648
116.293153,39.953648,116.293060,39.962657,116.304768,39.962728,116.304859,39.953719
116.304859,39.953719,116.304768,39.962728,116.316476,39.962798,116.316566,39.953789
116.316566,39.953789,116.316476,39.962798,116.328184,39.962866,116.328272,39.953857
116.328272,39.953857,116.328184,39.962866,116.339892,39.962933,116.339979,39.953924
116.339979,39.953924,116.339892,39.962933,116.351600,39.963000,116.351685,39.953990
116.351685,39.953990,116.351600,39.963000,116.363308,39.963064,116.363392,39.954055
116.363392,39.954055,116.363308,39.963064,116.375016,39.963128,116.375098,39.954119
116.375098,39.954119,116.375016,39.963128,116.386724,39.963191,116.386805,39.954181
116.386805,39.954181,116.386724,39.963191,116.398433,39.963252,116.398512,39.954243
116.398512,39.954243,116.398433,39.963252,116.410141,39.963312,116.410218,39.954303
116.410218,39.954303,116.410141,39.963312,116.421849,39.963371,116.421925,39.954362
116.421925,39.954362,116.421849,39.963371,116.433557,39.963429,116.433632,39.954420
116.433632,39.954420,116.433557,39.963429,116.445266,39.963486,116.445338,39.954476
116.445338,39.954476,116.445266,39.963486,116.456974,39.963541,116.457045,39.954532
116.457045,39.954532,116.456974,39.963541,116.468682,39.963595,116.468752,39.954586
116.468752,39.954586,116.468682,39.963595,116.480391,39.963648,116.480459,39.954639
116.480459,39.954639,116.480391,39.963648,116.492099,39.963700,116.492166,39.954691
116.492166,39.954691,116.492099,39.963700,116.503808,39.963751,116.503873,39.954741
116.503873,39.954741,116.503808,39.963751,116.515516,39.963800,116.515580,39.954791
116.515580,39.954791,116.515516,39.963800,116.527225,39.963849,116.527287,39.954839
116.527287,39.954839,116.527225,39.963849,116.538933,39.963896,116.538994,39.954886
116.538994,39.954886,116.538933,39.963896,116.550642,39.963942,116.550701,39.954932
116.199399,39.962048,116.199294,39.971057,116.211003,39.971138,116.211106,39.962129
116.211106,39.962129,116.211003,39.971138,116.222712,39.971217,116.222814,39.962208
116.222814,39.962208,116.222712,39.971217,116.234421,39.971295,116.234521,39.962286
116.234521,39.962286,116.234421,39.971295,116.246130,39.971371,116.246229,39.962362
116.246229,39.962362,116.246130,39.971371,116.257839,39.971447,116.257937,39.962438
116.257937,39.962438,116.257839,39.971447,116.269549,39.971521,116.269645,39.962512
116.269645,39.962512,116.269549,39.971521,116.281258,39.971594,116.281352,39.962585
116.281352,39.962585,116.281258,39.971594,116.292967,39.971666,116.293060,39.962657
116.293060,39.962657,116.292967,39.971666,116.304677,39.971737,116.304768,39.962728
116.304768,39.962728,116.304677,39.971737,116.316386,39.971807,116.316476,39.962798
116.316476,39.962798,116.316386,39.971807,116.328096,39.971875,116.328184,39.962866
116.328184,39.962866,116.328096,39.971875,116.339805,39.971943,116.339892,39.962933
116.339892,39.962933,116.339805,39.971943,116.351515,39.972009,116.351600,39.963000
116.351600,39.963000,116.351515,39.972009,116.363225,39.972074,116.363308,39.963064
116.363308,39.963064,116.363225,39.972074,116.374934,39.972137,116.375016,39.963128
116.375016,39.963128,116.374934,39.972137,116.386644,39.972200,116.386724,39.963191
116.386724,39.963191,116.386644,39.972200,116.398354,39.972261,116.398433,39.963252
116.398433,39.963252,116.398354,39.972261,116.410063,39.972322,116.410141,39.963312
116.410141,39.963312,116.410063,39.972322,116.421773,39.972381,116.421849,39.963371
116.421849,39.963371,116.421773,39.972381,116.433483,39.972438,116.433557,39.963429
116.433557,39.963429,116.433483,39.972438,116.445193,39.972495,116.445266,39.963486
116.445266,39.963486,116.445193,39.972495,116.456903,39.972550,116.456974,39.963541
116.456974,39.963541,116.456903,39.972550,116.468613,39.972605,116.468682,39.963595
116.468682,39.963595,116.468613,39.972605,116.480323,39.972658,116.480391,39.963648
116.480391,39.963648,116.480323,39.972658,116.492033,39.972710,116.492099,39.963700
116.492099,39.963700,116.492033,39.972710,116.503743,39.972760,116.503808,39.963751
116.503808,39.963751,116.503743,39.972760,116.515453,39.972810,116.515516,39.963800
116.515516,39.963800,116.515453,39.972810,116.527163,39.972858,116.527225,39.963849
116.527225,39.963849,116.527163,39.972858,116.538873,39.972906,116.538933,39.963896
116.538933,39.963896,116.538873,39.972906,116.550583,39.972952,116.550642,39.963942
116.199294,39.971057,116.199188,39.980066,116.210899,39.980147,116.211003,39.971138
116.211003,39.971138,116.210899,39.980147,116.222610,39.980226,116.222712,39.971217
116.222712,39.971217,116.222610,39.980226,116.234320,39.980304,116.234421,39.971295
116.234421,39.971295,116.234320,39.980304,116.246031,39.980380,116.246130,39.971371
116.246130,39.971371,116.246031,39.980380,116.257742,39.980456,116.257839,39.971447
116.257839,39.971447,116.257742,39.980456,116.269453,39.980530,116.269549,39.971521
116.269549,39.971521,116.269453,39.980530,116.281164,39.980604,116.281258,39.971594
116.281258,39.971594,116.281164,39.980604,116.292875,39.980676,116.292967,39.971666
116.292967,39.971666,116.292875,39.980676,116.304586,39.980746,116.304677,39.971737
116.304677,39.971737,116.304586,39.980746,116.316297,39.980816,116.316386,39.971807
116.316386,39.971807,116.316297,39.980816,116.328008,39.980885,116.328096,39.971875
116.328096,39.971875,116.328008,39.980885,116.339719,39.980952,116.339805,39.971943
116.339805,39.971943,116.339719,39.980952,116.351430,39.981018,116.351515,39.972009
116.351515,39.972009,116.351430,39.981018,116.363141,39.981083,116.363225,39.972074
116.363225,39.972074,116.363141,39.981083,116.374852,39.981147,116.374934,39.972137
116.374934,39.972137,116.374852,39.981147,116.386563,39.981209,116.386644,39.972200
116.386644,39.972200,116.386563,39.981209,116.398275,39.981271,116.398354,39.972261
116.398354,39.972261,116.398275,39.981271,116.409986,39.981331,116.410063,39.972322
116.410063,39.972322,116.409986,39.981331,116.421697,39.981390,116.421773,39.972381
116.421773,39.972381,116.421697,39.981390,116.433409,39.981448,116.433483,39.972438
116.433483,39.972438,116.433409,39.981448,116.445120,39.981504,116.445193,39.972495
116.445193,39.972495,116.445120,39.981504,116.456831,39.981560,116.456903,39.972550
116.456903,39.972550,116.456831,39.981560,116.468543,39.981614,116.468613,39.972605
116.468613,39.972605,116.468543,39.981614,116.480254,39.981667,116.480323,39.972658
116.480323,39.972658,116.480254,39.981667,116.491966,39.981719,116.492033,39.972710
116.492033,39.972710,116.491966,39.981719,116.503677,39.981770,116.503743,39.972760
116.503743,39.972760,116.503677,39.981770,116.515389,39.981820,116.515453,39.972810
116.515453,39.972810,116.515389,39.981820,116.527101,39.981868,116.527163,39.972858
116.527163,39.972858,116.527101,39.981868,116.538812,39.981915,116.538873,39.972906
116.538873,39.972906,116.538812,39.981915,116.550524,39.981961,116.550583,39.972952
116.199188,39.980066,116.199083,39.989075,116.210795,39.989156,116.210899,39.980147
116.210899,39.980147,116.210795,39.989156,116.222508,39.989235,116.222610,39.980226
116.222610,39.980226,116.222508,39.989235,116.234220,39.989313,116.234320,39.980304
116.234320,39.980304,116.234220,39.989313,116.245932,39.989389,116.246031,39.980380
116.246031,39.980380,116.245932,39.989389,116.257644,39.989465,116.257742,39.980456
116.257742,39.980456,116.257644,39.989465,116.269357,39.989539,116.269453,39.980530
116.269453,39.980530,116.269357,39.989539,116.281069,39.989613,116.281164,39.980604
116.281164,39.980604,116.281069,39.989613,116.292782,39.989685,116.292875,39.980676
116.292875,39.980676,116.292782,39.989685,116.304494,39.989756,116.304586,39.980746
116.304586,39.980746,116.304494,39.989756,116.316207,39.989825,116.316297,39.980816
116.316297,39.980816,116.316207,39.989825,116.327919,39.989894,116.328008,39.980885
116.328008,39.980885,116.327919,39.989894,116.339632,39.989961,116.339719,39.980952
116.339719,39.980952,116.339632,39.989961,116.351345,39.990027,116.351430,39.981018
116.351430,39.981018,116.351345,39.990027,116.363057,39.990092,116.363141,39.981083
116.363141,39.981083,116.363057,39.990092,116.374770,39.990156,116.374852,39.981147
116.374852,39.981147,116.374770,39.990156,116.386483,39.990219,116.386563,39.981209
116.386563,39.981209,116.386483,39.990219,116.398196,39.990280,116.398275,39.981271
116.398275,39.981271,116.398196,39.990280,116.409908,39.990340,116.409986,39.981331
116.409986,39.981331,116.409908,39.990340,116.421621,39.990399,116.421697,39.981390
116.421697,39.981390,116.421621,39.990399,116.433334,39.990457,116.433409,39.981448
116.433409,39.981448,116.433334,39.990457,116.445047,39.990514,116.445120,39.981504
116.445120,39.981504,116.445047,39.990514,116.456760,39.990569,116.456831,39.981560
116.456831,39.981560,116.456760,39.990569,116.468473,39.990624,116.468543,39.981614
116.468543,39.981614,116.468473,39.990624,116.480186,39.990677,116.480254,39.981667
116.480254,39.981667,116.480186,39.990677,116.491899,39.990729,116.491966,39.981719
116.491966,39.981719,116.491899,39.990729,116.503612,39.990779,116.503677,39.981770
116.503677,39.981770,116.503612,39.990779,116.515325,39.990829,116.515389,39.981820
116.515389,39.981820,116.515325,39.990829,116.527039,39.990877,116.527101,39.981868
116.527101,39.981868,116.527039,39.990877,116.538752,39.990925,116.538812,39.981915
116.538812,39.981915,116.538752,39.990925,116.550465,39.990971,116.550524,39.981961
116.199083,39.989075,116.198978,39.998084,116.210692,39.998164,116.210795,39.989156
116.210795,39.989156,116.210692,39.998164,116.222405,39.998244,116.222508,39.989235
116.222508,39.989235,116.222405,39.998244,116.234119,39.998322,116.234220,39.989313
116.234220,39.989313,116.234119,39.998322,116.245833,39.998398,116.245932,39.989389
116.245932,39.989389,116.245833,39.998398,116.257547,39.998474,116.257644,39.989465
116.257644,39.989465,116.257547,39.998474,116.269261,39.998549,116.269357,39.989539
116.269357,39.989539,116.269261,39.998549,116.280975,39.998622,116.281069,39.989613
116.281069,39.989613,116.280975,39.998622,116.292689,39.998694,116.292782,39.989685
116.292782,39.989685,116.292689,39.998694,116.304403,39.998765,116.304494,39.989756
116.304494,39.989756,116.304403,39.998765,116.316117,39.998835,116.316207,39.989825
116.316207,39.989825,116.316117,39.998835,116.327831,39.998903,116.327919,39.989894
116.327919,39.989894,116.327831,39.998903,116.339545,39.998970,116.339632,39.989961
116.339632,39.989961,116.339545,39.998970,116.351259,39.999037,116.351345,39.990027
116.351345,39.990027,116.351259,39.999037,116.362974,39.999102,116.363057,39.990092
116.363057,39.990092,116.362974,39.999102,116.374688,39.999165,116.374770,39.990156
116.374770,39.990156,116.374688,39.999165,116.386402,39.999228,116.386483,39.990219
116.386483,39.990219,116.386402,39.999228,116.398116,39.999289,116.398196,39.990280
116.398196,39.990280,116.398116,39.999289,116.409831,39.999350,116.409908,39.990340
116.409908,39.990340,116.409831,39.999350,116.421545,39.999409,116.421621,39.990399
116.421621,39.990399,116.421545,39.999409,116.433260,39.999467,116.433334,39.990457
116.433334,39.990457,116.433260,39.999467,116.444974,39.999523,116.445047,39.990514
116.445047,39.990514,116.444974,39.999523,116.456689,39.999579,116.456760,39.990569
116.456760,39.990569,116.456689,39.999579,116.468403,39.999633,116.468473,39.990624
116.468473,39.990624,116.468403,39.999633,116.480118,39.999686,116.480186,39.990677
116.480186,39.990677,116.480118,39.999686,116.491832,39.999738,116.491899,39.990729
116.491899,39.990729,116.491832,39.999738,116.503547,39.999789,116.503612,39.990779
116.503612,39.990779,116.503547,39.999789,116.515262,39.999839,116.515325,39.990829
116.515325,39.990829,116.515262,39.999839,116.526976,39.999887,116.527039,39.990877
116.527039,39.990877,116.526976,39.999887,116.538691,39.999934,116.538752,39.990925
116.538752,39.990925,116.538691,39.999934,116.550406,39.999980,116.550465,39.990971
116.198978,39.998084,116.198873,40.007093,116.210588,40.007173,116.210692,39.998164
116.210692,39.998164,116.210588,40.007173,116.222303,40.007253,116.222405,39.998244
116.222405,39.998244,116.222303,40.007253,116.234019,40.007331,116.234119,39.998322
116.234119,39.998322,116.234019,40.007331,116.245734,40.007407,116.245833,39.998398
116.245833,39.998398,116.245734,40.007407,116.257449,40.007483,116.257547,39.998474
116.257547,39.998474,116.257449,40.007483,116.269165,40.007558,116.269261,39.998549
116.269261,39.998549,116.269165,40.007558,116.280880,40.007631,116.280975,39.998622
116.280975,39.998622,116.280880,40.007631,116.292596,40.007703,116.292689,39.998694
116.292689,39.998694,116.292596,40.007703,116.304311,40.007774,116.304403,39.998765
116.304403,39.998765,116.304311,40.007774,116.316027,40.007844,116.316117,39.998835
116.316117,39.998835,116.316027,40.007844,116.327743,40.007912,116.327831,39.998903
116.327831,39.998903,116.327743,40.007912,116.339458,40.007980,116.339545,39.998970
116.339545,39.998970,116.339458,40.007980,116.351174,40.008046,116.351259,39.999037
116.351259,39.999037,116.351174,40.008046,116.362890,40.008111,116.362974,39.999102
116.362974,39.999102,116.362890,40.008111,116.374606,40.008175,116.374688,39.999165
116.374688,39.999165,116.374606,40.008175,116.386321,40.008237,116.386402,39.999228
116.386402,39.999228,116.386321,40.008237,116.398037,40.008299,116.398116,39.999289
116.398116,39.999289,116.398037,40.008299,116.409753,40.008359,116.409831,39.999350
116.409831,39.999350,116.409753,40.008359,116.421469,40.008418,116.421545,39.999409
116.421545,39.999409,116.421469,40.008418,116.433185,40.008476,116.433260,39.999467
116.433260,39.999467,116.433185,40.008476,116.444901,40.008533,116.444974,39.999523
116.444974,39.999523,116.444901,40.008533,116.456617,40.008588,116.456689,39.999579
116.456689,39.999579,116.456617,40.008588,116.468333,40.008642,116.468403,39.999633
116.468403,39.999633,116.468333,40.008642,116.480049,40.008696,116.480118,39.999686
116.480118,39.999686,116.480049,40.008696,116.491766,40.008748,116.491832,39.999738
116.491832,39.999738,116.491766,40.008748,116.503482,40.008798,116.503547,39.999789
116.503547,39.999789,116.503482,40.008798,116.515198,40.008848,116.515262,39.999839
116.515262,39.999839,116.515198,40.008848,116.526914,40.008896,116.526976,39.999887
116.526976,39.999887,116.526914,40.008896,116.538631,40.008944,116.538691,39.999934
116.538691,39.999934,116.538631,40.008944,116.550347,40.008990,116.550406,39.999980
116.198873,40.007093,116.198767,40.016102,116.210484,40.016182,116.210588,40.007173
116.210588,40.007173,116.210484,40.016182,116.222201,40.016262,116.222303,40.007253
116.222303,40.007253,116.222201,40.016262,116.233918,40.016340,116.234019,40.007331
116.234019,40.007331,116.233918,40.016340,116.245635,40.016416,116.245734,40.007407
116.245734,40.007407,116.245635,40.016416,116.257352,40.016492,116.257449,40.007483
116.257449,40.007483,116.257352,40.016492,116.269069,40.016567,116.269165,40.007558
116.269165,40.007558,116.269069,40.016567,116.280786,40.016640,116.280880,40.007631
116.280880,40.007631,116.280786,40.016640,116.292503,40.016712,116.292596,40.007703
116.292596,40.007703,116.292503,40.016712,116.304220,40.016783,116.304311,40.007774
116.304311,40.007774,116.304220,40.016783,116.315937,40.016853,116.316027,40.007844
116.316027,40.007844,116.315937,40.016853,116.327654,40.016921,116.327743,40.007912
116.327743,40.007912,116.327654,40.016921,116.339371,40.016989,116.339458,40.007980
116.339458,40.007980,116.339371,40.016989,116.351089,40.017055,116.351174,40.008046
116.351174,40.008046,116.351089,40.017055,116.362806,40.017120,116.362890,40.008111
116.362890,40.008111,116.362806,40.017120,116.374523,40.017184,116.374606,40.008175
116.374606,40.008175,116.374523,40.017184,116.386241,40.017246,116.386321,40.008237
116.386321,40.008237,116.386241,40.017246,116.397958,40.017308,116.398037,40.008299
116.398037,40.008299,116.397958,40.017308,116.409676,40.017368,116.409753,40.008359
116.409753,40.008359,116.409676,40.017368,116.421393,40.017427,116.421469,40.008418
116.421469,40.008418,116.421393,40.017427,116.433111,40.017485,116.433185,40.008476
116.433185,40.008476,116.433111,40.017485,116.444828,40.017542,116.444901,40.008533
116.444901,40.008533,116.444828,40.017542,116.456546,40.017598,116.456617,40.008588
116.456617,40.008588,116.456546,40.017598,116.468263,40.017652,116.468333,40.008642
116.468333,40.008642,116.468263,40.017652,116.479981,40.017705,116.480049,40.008696
116.480049,40.008696,116.479981,40.017705,116.491699,40.017757,116.491766,40.008748
116.491766,40.008748,116.491699,40.017757,116.503417,40.017808,116.503482,40.008798
116.503482,40.008798,116.503417,40.017808,116.515134,40.017857,116.515198,40.008848
116.515198,40.008848,116.515134,40.017857,116.526852,40.017906,116.526914,40.008896
116.526914,40.008896,116.526852,40.017906,116.538570,40.017953,116.538631,40.008944
116.538631,40.008944,116.538570,40.017953,116.550288,40.017999,116.550347,40.008990
116.198767,40.016102,116.198662,40.025111,116.210380,40.025191,116.210484,40.016182
116.210484,40.016182,116.210380,40.025191,116.222099,40.025271,116.222201,40.016262
116.222201,40.016262,116.222099,40.025271,116.233817,40.025349,116.233918,40.016340
116.233918,40.016340,116.233817,40.025349,116.245535,40.025425,116.245635,40.016416
116.245635,40.016416,116.245535,40.025425,116.257254,40.025501,116.257352,40.016492
116.257352,40.016492,116.257254,40.025501,116.268973,40.025576,116.269069,40.016567
116.269069,40.016567,116.268973,40.025576,116.280691,40.025649,116.280786,40.016640
116.280786,40.016640,116.280691,40.025649,116.292410,40.025721,116.292503,40.016712
116.292503,40.016712,116.292410,40.025721,116.304128,40.025792,116.304220,40.016783
116.304220,40.016783,116.304128,40.025792,116.315847,40.025862,116.315937,40.016853
116.315937,40.016853,116.315847,40.025862,116.327566,40.025931,116.327654,40.016921
116.327654,40.016921,116.327566,40.025931,116.339285,40.025998,116.339371,40.016989
116.339371,40.016989,116.339285,40.025998,116.351003,40.026064,116.351089,40.017055
116.351089,40.017055,116.351003,40.026064,116.362722,40.026129,116.362806,40.017120
116.362806,40.017120,116.362722,40.026129,116.374441,40.026193,116.374523,40.017184
116.374523,40.017184,116.374441,40.026193,116.386160,40.026256,116.386241,40.017246
116.386241,40.017246,116.386160,40.026256,116.397879,40.026317,116.397958,40.017308
116.397958,40.017308,116.397879,40.026317,116.409598,40.026378,116.409676,40.017368
116.409676,40.017368,116.409598,40.026378,116.421317,40.026437,116.421393,40.017427
116.421393,40.017427,116.421317,40.026437,116.433036,40.026495,116.433111,40.017485
116.433111,40.017485,116.433036,40.026495,116.444755,40.026551,116.444828,40.017542
116.444828,40.017542,116.444755,40.026551,116.456474,40.026607,116.456546,40.017598
116.456546,40.017598,116.456474,40.026607,116.468194,40.026661,116.468263,40.017652
116.468263,40.017652,116.468194,40.026661,116.479913,40.026714,116.479981,40.017705
116.479981,40.017705,116.479913,40.026714,116.491632,40.026766,116.491699,40.017757
116.491699,40.017757,116.491632,40.026766,116.503351,40.026817,116.503417,40.017808
116.503417,40.017808,116.503351,40.026817,116.515070,40.026867,116.515134,40.017857
116.515134,40.017857,116.515070,40.026867,116.526790,40.026915,116.526852,40.017906
116.526852,40.017906,116.526790,40.026915,116.538509,40.026963,116.538570,40.017953
116.538570,40.017953,116.538509,40.026963,116.550229,40.027009,116.550288,40.017999
